<?xml version="1.0" encoding="UTF-8"?>
<project-private xmlns="http://www.netbeans.org/ns/project-private/1">
    <editor-bookmarks xmlns="http://www.netbeans.org/ns/editor-bookmarks/2" lastBookmarkId="0"/>
    <open-files xmlns="http://www.netbeans.org/ns/projectui-open-files/2">
        <group>
            <file>file:/C:/Users/anais/OneDrive/Bureau/JavaApplication/JavaApplication_1Slam_Projet2_Sirh-Infoware_2024_corrige_etape_7%20(2)/JavaApplication_1Slam_Projet2_Sirh-Infoware_2024_corrige_etape_7/src/sql/SIRH_MYSQL.sql</file>
            <file>file:/C:/Users/anais/OneDrive/Bureau/JavaApplication/JavaApplication_1Slam_Projet2_Sirh-Infoware_2024_corrige_etape_7%20(2)/JavaApplication_1Slam_Projet2_Sirh-Infoware_2024_corrige_etape_7/src/modele/dao/DaoSalarie.java</file>
        </group>
    </open-files>
</project-private>
